r,rdfalpha,rdfbeta,rdfdelta,rdfgamma,rdfmodul,rdf141s54e05,rdf141s54e1,rdf141s55e1,rdf141s53e35
0,0,0,0,0,0,0,0,0,0
0.0166666667,0,0,0,0,0,0,0,0,0
0.0333333333,0,0,0,0,0,0,0,0,0
0.05,0,0,0,0,0,0,0,0,0
0.0666666667,0,0,0,0,0,0,0,0,0
0.0833333333,0,0,0,0,0,0,0,0,0
0.1,0,0,0,0,0,0,0,0,0
0.116666667,0,0,0,0,0,0,0,0,0
0.133333333,0,0,0,0,0,0,0,0,0
0.15,0,0,0,0,0,0,0,0,0
0.166666667,0,0,0,0,0,0,0,0,0
0.183333333,0,0,0,0,0,0,0,0,0
0.2,0,0,0,0,0,0,0,0,0
0.216666667,0,0,0,0,0,0,0,0,0
0.233333333,0,0,0,0,0,0,0,0,0
0.25,0,0,0,0,0,0,0,0,0
0.266666667,0,0,0,0,0,0,0,0,0
0.283333333,0,0,0,0,0,0,0,0,0
0.3,0,0,0,0,0,0,0,0,0
0.316666667,0,0,0,0,0,0,0,0,0
0.333333333,0,0,0,0,0,0,0,0,0
0.35,0,0,0,0,0,0,0,0,0
0.366666667,0,0,0,0,0,0,0,0,0
0.383333333,0,0,0,0,0,0,0,0,0
0.4,0,0,0,0,0,0,0,0,0
0.416666667,0,0,0,0,0,0,0,0,0
0.433333333,0,0,0,0,0,0,0,0,0
0.45,0,0,0,0,0,0,0,0,0
0.466666667,0,0,0,0,0,0,0,0,0
0.483333333,0,0,0,0,0,0,0,0,0
0.5,0,0,0,0,0,0,0,0,0
0.516666667,0,0,0,0,0,0,0,0,0
0.533333333,0,0,0,0,0,0,0,0,0
0.55,0,0,0,0,0,0,0,0,0
0.566666667,0,0,0,0,0,0,0,0,0
0.583333333,0,0,0,0,0,0,0,0,0
0.6,0,0,0,0,0,0,0,0,0
0.616666667,0,0,0,0,0,0,0,0,0
0.633333333,0,0,0,0,0,0,0,0,0
0.65,0,0,0,0,0,0,0,0,0
0.666666667,0,0,0,0,0,0,0,0,0
0.683333333,0,0,0,0,0,0,0,0,0
0.7,0,0,0,0,0,0,0,0,0
0.716666667,0,0,0,0,0,0,0,0,0
0.733333333,0,0,0,0,0,0,0,0,0
0.75,0,0,0,0,0,0,0,0,0
0.766666667,0,0,0,0,0,0,0,0,0
0.783333333,0,0,0,0,0,0,0,0,0
0.8,0,0,0,0,0,0,0,0,0
0.816666667,0,0,0,0,0,0,0,0,0
0.833333333,0,0,0,0,0,0,0,0,0
0.85,0,0,0,0,0,0,0,0,0
0.866666667,0,0,0,0,0,0,0,0,0
0.883333333,0,0,0,0,0,0,0,0,0
0.9,0,0,0,0,0,0,0,0,0
0.916666667,0,0,0,0,0,0,0,0,0
0.933333333,0,0,0,0,0,0,0,0,0
0.95,0,0,0,0,0,0,0,0,0
0.966666667,0,0,0,0,0,0,0,0,0
0.983333333,0,0,0,0,0,0,0,0,0
1,0,0,2.3181286,4.79987144,5.62725325,2.3564044,3.38877803,3.04083928,4.32067391
1.01666667,0,0,4.76254359,5.84343832,7.72602542,5.10151213,5.92115807,6.06421755,8.52007647
1.03333333,0,0,4.71657636,3.33394265,3.26894412,4.63911971,5.62330679,5.84889523,6.97963744
1.05,0,0,4.39487868,2.15867698,0.945519799,4.66518035,5.15227389,5.40908145,5.86136708
1.06666667,0,0,4.2705993,1.26559465,0.273617407,4.05261316,4.44729537,4.83388696,4.47737575
1.08333333,0,0,4.11697176,0.681640881,0.0482296975,3.61725106,4.03538477,3.88072033,3.25550458
1.1,0,0,3.33577454,0.471063655,0.0194913713,3.53907812,3.37455881,3.30947902,2.19472841
1.11666667,0,0,3.2770414,0.304738167,0.00756555685,2.80306959,2.60258514,2.68651781,1.38827968
1.13333333,0,0,2.77440791,0.233558955,0.0110170209,2.64914837,1.89224884,1.95340965,0.921757415
1.15,0,0,2.19277867,0.0982965988,2.84263507,2.25436732,1.43523385,1.43321114,0.527866989
1.16666667,0,0,2.06044773,0.0440807227,10.7360993,1.79927192,1.15643186,1.05193036,0.308428933
1.18333333,0,0,1.48993977,0.0571303693,6.55859246,1.46461826,0.727349928,0.707640238,0.205482352
1.2,1.54512555,0,1.1994759,0.00694430756,2.93825199,1.25382588,0.652632444,0.593424918,0.127750087
1.21666667,2.83728205,0,0.945753829,0.0270214345,1.0164985,0.93511123,0.478501733,0.310133561,0.0860359232
1.23333333,2.65428907,0,0.756014936,0,0.288390846,0.733485597,0.337829466,0.343643153,0.0868273514
1.25,2.54398124,0,0.567264432,0,0.289808316,0.551097676,0.245919931,0.253087208,0.0573578958
1.26666667,2.49305738,0,0.311629913,0,0.60856289,0.487638347,0.242376456,0.201142944,0.0470386775
1.28333333,2.07959495,0,0.300828409,0,1.05683547,0.314829242,0.179902424,0.14351447,0.0286405278
1.3,2.1523534,0,0.242062358,0,1.23924275,0.276675572,0.126010656,0.121031179,0.00837326183
1.31666667,2.2712572,0,0.167803068,0,1.0339325,0.26437465,0.176249766,0.112742686,0.0217669999
1.33333333,1.81405238,0,0.125282484,0,0.687199296,0.200516305,0.161454687,0.107384986,0.0106131165
1.35,1.74896199,3.50611556,0.10225586,0,0.282110672,0.198136116,0.13463095,0.147148677,0.0103526852
1.36666667,1.79356637,7.69351141,0.114378573,0,0.14647499,0.193333054,0.146239105,0.133847266,0.0151525852
1.38333333,1.75060878,7.17480365,0.137767399,0,0.199660499,0.166929176,0.19112181,0.116389699,0.00739483328
1.4,1.63264593,6.72948789,0.190164766,0,0.348957769,0.214942496,0.172426398,0.120592291,0.0168462371
1.41666667,1.80622098,6.23326184,0.353314646,0,0.51001793,0.226062128,0.209914833,0.181186998,1.16105464
1.43333333,1.50283362,5.20814304,0.46019452,0,0.413275138,0.545328463,0.971225486,0.933663881,1.87580993
1.45,1.46253937,4.68483031,0.434542915,0,0.2198626,0.590114252,1.04811337,1.07446681,2.00344186
1.46666667,1.48178744,3.942092,0.629689062,0,0.162267025,0.723125798,1.11266678,1.10935154,1.95158989
1.48333333,1.43731409,3.06775104,0.737502568,0,0.0578825629,0.757464903,1.1193648,1.33039679,1.84581062
1.5,1.34999616,2.54663121,0.78383047,4.36882805,0.0524105953,0.785992627,1.22219796,1.3414006,1.75470673
1.51666667,1.37483035,1.9171335,0.837835204,6.85559984,0.118934927,0.831203748,1.12504333,1.1144789,1.35339744
1.53333333,1.22813977,1.46311827,0.813920652,5.24851147,0.24677079,0.884119575,1.06921365,1.15998193,1.11548422
1.55,1.11862398,1.10716533,0.815430763,4.09984153,0.400524103,0.861354719,0.8806244,0.927055856,0.797121499
1.56666667,1.17134217,0.802615134,0.861138593,3.49157954,0.392047722,0.73372682,0.826149993,0.737060559,0.580384373
1.58333333,0.977283567,0.59833025,0.736130337,2.7961967,0.199445029,0.7885355,0.699894507,0.670857696,0.492967901
1.6,1.03027179,0.437494453,0.736854274,2.33590788,0.117923986,0.6564548,0.571459275,0.490052481,0.364827333
1.61666667,1.08087848,0.241042796,0.587826673,2.0507768,0.20032919,0.573908017,0.488884607,0.45739176,0.409682217
1.63333333,1.07298909,0.153684072,0.627006152,1.69052479,0.549886478,0.569196892,0.419956243,0.408917056,0.390755343
1.65,1.01928266,0.1616142,0.46748088,1.41412425,1.04301602,0.433621387,0.391109487,0.360628107,0.434878774
1.66666667,1.06199905,0.115198621,0.431996483,1.38598341,0.944147273,0.436658852,0.413325936,0.410723929,0.495847129
1.68333333,1.01019434,0.0705804823,0.394610571,1.18222308,0.55932155,0.379041084,0.449294388,0.351299654,0.627572097
1.7,1.01211015,0.0622830117,0.449823473,1.16261622,0.346019528,0.43892603,0.482177865,0.5048718,0.847094977
1.71666667,1.03496988,0.0678661256,0.461182937,1.01120527,0.601836544,0.438299463,0.614247634,0.620051975,0.917160478
1.73333333,1.04012547,0.04326874,0.550695163,0.991852657,1.36432652,0.542396945,0.758123003,0.779142882,1.12097714
1.75,0.80816317,0.0359179652,0.605561402,0.875092244,1.74816553,0.609211035,0.829917762,0.897952568,1.34154376
1.76666667,1.005251,0.0288355659,0.779145799,0.92273811,1.36169051,0.993812482,1.19109168,1.20439921,1.64581683
1.78333333,0.904009231,0.0188660706,0.959028927,0.845828832,0.619974941,1.0874129,1.40912408,1.49928665,1.82432818
1.8,0.825617529,0.0679005025,1.17704008,0.77159662,0.473152695,1.3545727,1.74322647,1.76345575,1.83146489
1.81666667,0.867351604,0.0575702984,1.40620813,0.75447391,0.870421924,1.56830439,1.92040135,1.89927621,1.86376057
1.83333333,0.989256747,0.0714042072,1.66610455,0.699166196,1.54233212,1.83605795,2.08123298,2.04341231,1.58022381
1.85,0.94959889,0.143168708,1.70395321,0.695390869,1.77377375,1.8978128,2.09395169,1.92176172,1.18802873
1.86666667,0.835858448,0.137753686,1.84976775,0.734686325,1.1141136,2.02483963,2.00756738,1.83280937,0.930007342
1.88333333,0.743598456,0.242459749,1.90303439,0.66535466,0.567854046,1.98132923,1.76988303,1.58265823,0.722118845
1.9,0.75831103,0.340716798,1.8660171,0.709134148,0.497829994,1.959546,1.40682066,1.36110964,0.561855374
1.91666667,0.826844043,0.460033235,1.82009543,0.72135389,1.15818168,1.95712081,1.1594019,1.11729855,0.584226901
1.93333333,0.739076428,0.601956033,1.83627695,0.698268998,1.7781193,1.70800915,1.08747791,1.01664075,0.638558102
1.95,0.828403488,0.738980322,1.66994413,0.741610145,1.62008343,1.58031958,0.97278532,0.939567708,0.888192754
1.96666667,0.791799487,0.977295969,1.58064948,0.72392294,0.914667442,1.37889266,0.884550069,0.935462445,1.15004186
1.98333333,0.873880324,1.14651828,1.41206481,0.688927838,0.807025312,1.17456934,0.975669318,1.03882673,1.46055993
2,0.812501344,1.16998897,1.36476509,0.692493474,1.53301681,1.01155855,1.02660461,1.13635728,1.60612992
2.01666667,0.756097218,1.38677758,1.35459451,0.737647651,2.62006213,1.01198283,1.0347496,1.29200598,1.81861771
2.03333333,0.780033686,1.20208511,1.2742107,0.619182672,2.57614566,0.965227683,1.11751418,1.38085301,1.85509869
2.05,0.794171672,1.12788975,1.22653612,0.659125442,1.66904069,0.891210927,1.26796511,1.39310276,1.72628418
2.06666667,0.851653647,0.988024351,1.2047047,0.716434719,1.15961052,0.895321305,1.30396069,1.35688913,1.46442243
2.08333333,0.840961773,0.824824601,1.27661889,0.594426668,1.30849695,0.969585556,1.33651342,1.38239289,1.29545545
2.1,0.796487007,0.748292671,1.19871585,0.571423494,1.75308977,0.949007526,1.19885685,1.40588858,1.12095063
2.11666667,0.795153399,0.511124523,1.13628753,0.595939946,1.65505117,0.921721599,1.19348481,1.26513442,0.85700487
2.13333333,0.802003842,0.413082334,1.10761621,0.60204553,1.29037451,0.99994466,1.08640986,1.08863991,0.638450358
2.15,0.813955469,0.337476802,1.02954418,0.629524034,1.58984369,0.968477364,0.971481948,0.925311439,0.483688005
2.16666667,0.862724059,0.215146086,0.964384886,0.660349372,2.37836214,0.974344851,0.920105006,0.845289162,0.382828887
2.18333333,0.87320312,0.211873965,0.914437042,0.706945806,2.23334301,0.887658858,0.776944296,0.672239953,0.390859765
2.2,0.836779084,0.105371014,0.837712157,0.727266604,1.47259423,0.889564832,0.688695353,0.554092122,0.414197584
2.21666667,0.920913815,0.177057711,0.759482432,0.801847566,0.889903627,0.87152731,0.534222686,0.542090993,0.422392229
2.23333333,0.954836712,0.114278404,0.647944625,0.781904867,0.665778272,0.766678053,0.532776274,0.478440124,0.511627905
2.25,0.928397725,0.128394008,0.585407087,0.81382048,0.452830131,0.708723406,0.478273989,0.42289377,0.594456016
2.26666667,0.973186248,0.122620109,0.524632056,0.932302098,0.331433192,0.674010125,0.511815175,0.439700053,0.735396085
2.28333333,0.937452864,0.19564017,0.529206941,0.945594153,0.262375637,0.723700949,0.579848736,0.546643743,0.861315884
2.3,0.964086131,0.257086787,0.51125409,1.06615403,0.367371713,0.732503967,0.626610323,0.702866968,0.986196881
2.31666667,0.982871456,0.316751273,0.497995887,1.0452792,0.721572967,0.739254444,0.847080355,0.749534625,1.06258431
2.33333333,0.939033607,0.525301979,0.550183295,1.10570556,0.972949746,0.784002774,0.903899076,0.922537998,1.11763595
2.35,0.986875095,0.79492361,0.57862232,1.08826672,0.797765776,0.877710375,1.01183995,0.958883361,1.05827815
2.36666667,1.0198903,1.16583105,0.630554223,1.11227067,0.541503241,0.976975311,1.129886,0.998986162,1.0947966
2.38333333,1.01887966,1.61962661,0.682582406,1.08796657,0.303101154,1.05219684,1.18260079,1.00986987,0.970754108
2.4,1.01996877,2.07810909,0.770199073,0.999992345,0.198178806,1.12926064,1.10595206,1.04481923,0.984342664
2.41666667,1.05303577,2.53924348,0.819540742,1.06672198,0.156686859,1.09075021,1.12879963,1.03590572,1.06934743
2.43333333,1.08932642,2.98083695,0.888957612,0.962649895,0.186413353,1.15013775,1.06960465,0.998733898,1.13520952
2.45,1.05997881,3.07369625,0.937484732,0.994578137,0.308833766,1.18313312,0.979516988,0.982162922,1.11824542
2.46666667,1.04159437,3.27225469,0.885264748,1.03706314,0.417086145,1.0758926,0.877301396,0.981635341,1.21947306
2.48333333,1.1026571,3.04362419,0.961869708,0.958328128,0.544595938,1.07351092,0.880579237,0.927227657,1.23528432
2.5,1.11200416,2.89917872,0.915633148,1.07199213,0.479245639,1.03554182,0.880729055,0.946905765,1.22868016
2.51666667,1.16047981,2.5577639,0.947323591,1.13994169,0.374611473,0.91442149,0.885914345,0.967418334,1.15436935
2.53333333,1.13552201,2.24530922,0.929233794,1.14213162,0.44466731,0.88872329,0.907478814,0.982353104,0.996642764
2.55,1.14571763,1.8408172,0.899650949,1.06881199,0.504886086,0.785300187,0.916302212,0.996816048,0.91039086
2.56666667,1.18401544,1.43294641,0.970802828,1.10810474,0.65659102,0.753349343,0.851734518,0.954243292,0.824855894
2.58333333,1.11634158,1.28415321,0.935159172,1.04740151,0.658041599,0.729092128,0.899051758,0.879989548,0.781026817
2.6,1.07803687,0.927508244,0.938001271,1.01478573,0.794770266,0.681423321,0.887562436,0.886898693,0.731272378
2.61666667,1.10633741,0.784285948,0.911485297,1.04717509,0.933484461,0.696435736,0.888462676,0.88891392,0.812234819
2.63333333,1.08336448,0.64027754,0.939968783,1.03540377,0.982925935,0.674295632,0.879254799,0.937346834,0.926467213
2.65,1.10716016,0.508362442,0.971549461,1.0423566,1.11434399,0.690232807,0.932176876,0.924946156,1.00888769
2.66666667,1.03184026,0.493590348,1.01824972,0.982961976,1.33328579,0.67837672,0.88215015,0.963917501,1.09515166
2.68333333,1.05378324,0.40275948,0.934935851,0.927735629,1.41962727,0.713054941,0.909804096,0.989857808,1.19426881
2.7,1.05110188,0.412891563,1.07556731,0.984904128,1.4713894,0.763974416,1.04339981,1.00698041,1.26498077
2.71666667,1.0501005,0.495912935,1.08766219,0.89968904,1.54095235,0.838686075,1.08960188,1.06117891,1.26868122
2.73333333,1.09589262,0.613023831,1.1018166,0.975751906,1.61881623,0.883639416,1.18665461,1.15961482,1.31576171
2.75,0.990086981,0.688921006,1.12095847,0.926935941,1.66724073,0.991110842,1.28189383,1.25078529,1.29175292
2.76666667,1.12843436,0.807368697,1.19062992,0.975897114,1.52704693,1.05904217,1.36750105,1.31770962,1.20660124
2.78333333,1.00846661,0.953918167,1.23743457,0.983607095,1.65738137,1.17667377,1.42168964,1.42343113,1.19158535
2.8,1.01562956,1.059942,1.35435619,0.951524343,1.58055203,1.31446767,1.46091331,1.43842367,1.11727641
2.81666667,1.07454707,1.16213657,1.37848121,0.968026987,1.37877895,1.39640893,1.6006476,1.53145481,1.08506752
2.83333333,1.08062776,1.22698162,1.42799238,1.04262296,1.39903594,1.48037373,1.52823934,1.46932602,1.14226202
2.85,1.04186382,1.1400357,1.60216704,1.02923309,1.33626235,1.56684443,1.43290174,1.3469843,1.06564164
2.86666667,1.03130547,1.12560117,1.56091335,1.09883012,1.16923413,1.67712454,1.36502276,1.26720499,0.992442712
2.88333333,0.944239086,1.03805007,1.54182682,1.04406426,1.07745743,1.62994858,1.24515375,1.20229687,0.9588747
2.9,1.02259695,0.971456338,1.52685805,1.09630691,1.03762543,1.62282759,1.11252869,1.07069232,0.905258079
2.91666667,1.03886205,0.746444234,1.44373661,1.11085008,1.01970141,1.51453922,0.973593481,0.984220145,0.899932242
2.93333333,1.04016507,0.721715475,1.33968486,1.19821039,0.967031559,1.51082859,0.90230041,0.943484682,0.883156373
2.95,0.986790125,0.557307608,1.29847424,1.24676032,0.988657162,1.30920761,0.828295917,0.874877055,0.866701098
2.96666667,1.0126611,0.494252678,1.14964543,1.20779448,1.03063932,1.17618395,0.765361201,0.829438705,0.889147496
2.98333333,0.950817623,0.423579643,1.07504047,1.27748025,1.01332619,1.08401457,0.738627969,0.804875902,0.958738011
3,0.954171313,0.37444212,0.957573478,1.32110291,0.947066764,0.968609644,0.755134868,0.873735294,0.990043784
3.01666667,0.986238462,0.388996711,0.888582175,1.26149216,1.03044946,0.88366196,0.756988484,0.888582175,1.03666948
3.03333333,1.03792324,0.410817422,0.837841528,1.27483819,1.12168786,0.799511334,0.830203713,0.867482148,1.00172673
3.05,0.955393068,0.418164598,0.71290545,1.25556877,1.05824874,0.72361197,0.82812264,0.86877717,1.04151553
3.06666667,0.879907501,0.510393863,0.701794248,1.16220936,0.98859516,0.709368439,0.838344518,0.916875819,0.954488377
3.08333333,0.940106971,0.693173293,0.674624956,1.12338251,1.06377269,0.706103044,0.865828423,0.88738761,0.96553249
3.1,0.975551215,0.798122126,0.658403611,1.14567466,1.06905368,0.696122239,0.921579131,0.88165541,0.940453097
3.11666667,0.944555666,1.09227516,0.649976868,1.07477405,1.04356796,0.71443378,0.913655475,0.904071497,0.919738354
3.13333333,0.943446398,1.27624857,0.638913798,1.05624084,1.04883117,0.687048547,0.929425316,0.850496121,0.856649551
3.15,0.998997293,1.46030874,0.651410685,0.99772647,1.12190466,0.748383732,0.938279105,0.912066578,0.870426879
3.16666667,1.04211061,1.65838349,0.682647762,0.974287837,1.27053008,0.799621162,0.982906151,0.94011385,0.895627274
3.18333333,1.02259237,1.69435142,0.693908952,0.916745758,1.43414328,0.836041737,0.968072373,0.892168653,0.903030823
3.2,0.946049823,1.64842778,0.723986428,0.962884947,1.30316101,0.908282807,0.975646739,0.901098988,0.933724771
3.21666667,0.93264734,1.62559114,0.693659668,0.928771156,1.032574,0.94498066,0.964667757,0.879484899,1.04032401
3.23333333,0.917078872,1.55052765,0.754788375,0.924003522,0.785981457,0.983089707,0.972018877,0.890876371,0.978641664
3.25,0.934916151,1.31407518,0.755243245,0.953367225,0.68147971,1.01773951,0.905533953,0.920493049,0.96505744
3.26666667,0.96054234,1.21448691,0.816135602,0.90336835,0.612216823,1.10326,0.925384811,0.940089391,0.995902168
3.28333333,0.936901041,0.995330377,0.812087454,0.944311578,0.58851491,1.04914298,0.95809987,0.931412869,1.00113168
3.3,0.971079542,0.8705184,0.846479705,0.88704723,0.616370957,1.06067869,0.975229221,0.970863804,0.989312204
3.31666667,0.976116924,0.743613316,0.928073962,0.893608668,0.820307107,1.03152757,1.00795942,0.960304492,1.02055981
3.33333333,0.988880298,0.626396417,0.984679955,0.869395027,0.903398361,1.07415416,0.991655116,1.00595264,0.973445696
3.35,0.947877676,0.536419309,0.966400914,0.904427904,0.88014097,1.04864172,1.0168772,1.01864975,0.981437041
3.36666667,1.02674312,0.517887462,1.01901586,0.899906663,0.653378136,1.02276367,1.01500309,1.03666115,1.02875844
3.38333333,0.906360319,0.490957934,1.09477209,0.884073718,0.52086202,1.00988096,1.04506704,1.0205166,0.989390593
3.4,0.992652458,0.524218497,1.13124992,0.895323671,0.49087735,0.964361523,0.993196253,1.04946334,1.00134083
3.41666667,0.964788133,0.549955268,1.16813376,0.860911283,0.510344382,0.972425813,0.949423897,0.971497908,1.07685493
3.43333333,1.02861342,0.55226385,1.16298991,0.848331567,0.474589326,0.950832662,1.00031838,0.957847127,1.07042702
3.45,0.956737038,0.584747839,1.18194977,0.856117885,0.51004158,0.94439079,1.00195662,1.00169766,1.09498437
3.46666667,0.957961089,0.609094245,1.13468066,0.868708185,0.576191862,0.933791046,1.0135331,1.00835288,1.09272353
3.48333333,0.940574331,0.656849452,1.19802246,0.935412959,0.695092631,0.974478111,0.978293608,1.02195287,1.08423565
3.5,0.992862655,0.688975784,1.11057325,0.92570917,0.799385948,0.922136074,0.986005335,1.02819863,1.11860124
3.51666667,0.998635422,0.631518724,1.1019092,0.887037184,0.817000484,0.900688246,1.05604387,1.06552194,1.08399411
3.53333333,0.980225306,0.613560177,1.07151348,0.913131334,0.838026179,0.89591952,1.05871284,1.11484005,1.06925793
3.55,1.05832769,0.578453489,1.06796816,0.864903022,0.921502706,0.92352757,1.03850932,1.0474095,1.0218125
3.56666667,0.990485086,0.644594264,1.06122633,0.907148514,0.988183157,0.897448077,1.03210168,1.08087867,1.00820638
3.58333333,0.992001267,0.596557058,1.0219955,0.920535826,1.05174926,0.899935687,1.03406072,1.0634134,0.971664966
3.6,1.03009842,0.563268551,1.01360669,0.965272543,1.11810221,0.95234973,1.00200337,1.079193,0.980159258
3.61666667,1.05598509,0.63606868,1.04980924,0.955632031,1.14784956,0.934744161,1.04057093,1.02339895,0.972588838
3.63333333,1.04347871,0.723420055,1.0853064,0.927947191,1.25525792,0.92794169,1.01316083,1.05362867,0.9819097
3.65,1.03303273,0.875206406,1.09759465,0.931501843,1.42510043,0.944159245,1.00392936,1.0747352,1.03811043
3.66666667,1.0450473,1.12090308,1.09710576,0.963217979,1.45287313,0.94144943,1.03270184,1.05856337,1.06658641
3.68333333,1.04758898,1.42109353,1.05235568,0.968525363,1.45713887,0.95751806,1.02064737,1.05939149,1.03783334
3.7,0.981561524,1.61942161,1.11096188,0.983194178,1.38305438,0.930649916,1.07606396,1.06348204,1.06950692
3.71666667,1.00083024,1.82355403,1.12043474,0.975119998,1.39184955,0.977621111,1.06643482,1.05034587,1.07427838
3.73333333,1.01074803,2.05053123,1.13393415,1.02239573,1.42412314,0.993823878,1.08516798,1.00576731,1.12901017
3.75,1.04978386,2.29261011,1.07733177,1.02897234,1.42591594,1.00904219,1.09957615,1.0847661,1.10457332
3.76666667,0.992056825,2.40487417,1.07678954,1.01777207,1.41565244,1.04287866,1.11662414,1.10690505,1.09714726
3.78333333,0.997308298,2.33343104,1.06065454,1.00952331,1.41243451,1.06379037,1.12136248,1.07589747,1.06904749
3.8,1.02233976,2.21605487,1.07529438,1.04016075,1.34878604,1.11218877,1.19105831,1.12156729,1.04891063
3.81666667,0.97824794,2.17683499,1.08370988,1.07571757,1.30303142,1.15430023,1.1651059,1.11460169,0.97565449
3.83333333,1.00803994,1.88233423,1.0393524,1.06774491,1.24710562,1.1880775,1.16980423,1.1219438,0.932520421
3.85,1.0364372,1.6474868,1.07943856,1.06729079,1.19527962,1.22185256,1.20030148,1.11194438,0.908234305
3.86666667,0.99575126,1.46677301,1.01968568,1.04205762,1.09949868,1.25469276,1.17108786,1.03944703,0.90420752
3.88333333,0.987222394,1.31561883,1.0341609,1.11005339,1.04347513,1.32253685,1.11101691,1.02843398,0.886453396
3.9,1.0182506,1.07823244,1.02504197,1.05850868,0.971000073,1.34260815,1.01966386,0.950629301,0.883855065
3.91666667,0.967230726,0.888506066,1.02196664,1.06125303,0.98550816,1.3556512,0.960906819,0.915888336,0.866201712
3.93333333,0.969554744,0.756244323,0.984237832,1.09106019,0.978698556,1.29062299,0.860914063,0.877587584,0.869852642
3.95,1.06554072,0.646687924,0.965170418,1.05879926,1.01913094,1.25957767,0.803815293,0.851261081,0.91936434
3.96666667,1.06296094,0.593599115,0.940032565,1.00289015,1.0135827,1.21753241,0.737345628,0.814945257,0.90625865
3.98333333,1.06117475,0.528139323,0.914134862,1.00964105,0.901960901,1.16126472,0.765034196,0.821317659,0.970930884
4,1.00313101,0.50562243,0.88437389,1.03874472,0.797761827,1.04917826,0.760697642,0.8329535,1.01091105
4.01666667,1.02504016,0.503294567,0.821547568,1.02890269,0.795540702,0.987116316,0.758989144,0.835070985,1.03499231
4.03333333,0.963567031,0.512052597,0.82678677,1.03947292,0.882636471,0.889330665,0.766105008,0.897757989,1.06270127
4.05,0.972418606,0.496263308,0.780090775,1.0248386,0.967699417,0.869607215,0.82557647,0.900914782,1.0677765
4.06666667,1.03551418,0.518204861,0.757493405,1.05152655,0.924986211,0.796428158,0.901965386,0.967205838,1.05818651
4.08333333,0.994091815,0.489993373,0.75186764,1.0201698,0.863699371,0.795770821,0.941819478,0.984406834,1.07078353
4.1,0.962974311,0.481258741,0.766588243,1.0529394,0.884752359,0.795648641,1.0275407,1.02725529,1.07977389
4.11666667,1.00829998,0.500382686,0.775413745,1.00253559,0.879551257,0.790311916,1.06622448,1.03102402,1.04516297
4.13333333,0.9621384,0.510988604,0.794182455,1.02548916,0.850660602,0.809152628,1.06956645,1.03310234,1.02791607
4.15,1.01829624,0.601535689,0.839545609,1.03991353,0.828504119,0.839762241,1.10158312,1.03907295,1.03966996
4.16666667,1.0152062,0.658940725,0.904580785,1.01548295,0.865089485,0.843724139,1.07705493,1.03470427,0.977844553
4.18333333,0.992847458,0.765698334,0.941282696,1.00169342,0.859018697,0.921933001,1.08356889,1.02232028,0.921551593
4.2,1.04379891,0.828794084,1.00159649,0.972784302,0.881361595,0.9684324,1.01488566,1.0062347,0.934842274
4.21666667,1.01025476,0.981982059,1.04559044,0.991543167,0.86459222,0.937878752,1.0081806,0.968129827,0.933568587
4.23333333,1.04137599,1.06856687,1.06299096,0.970917157,0.809630588,0.933350068,0.994057863,0.968130871,0.964923842
4.25,1.02422776,1.17425028,1.08511992,1.020341,0.720770055,0.960133121,0.969360241,0.939665538,0.96285478
4.26666667,0.983282434,1.23485722,1.10886888,1.0134838,0.678356093,0.93281053,0.949595016,0.986021884,1.00483763
4.28333333,1.01379905,1.24161756,1.09431035,1.01651306,0.699825716,0.912948678,0.968462417,0.945908292,0.984178119
4.3,0.993786573,1.29799257,1.14779366,0.985933525,0.772219983,0.924663997,0.944694628,0.993902285,1.03549419
4.31666667,1.01765661,1.21553946,1.13626419,0.99282472,0.852337545,0.943376656,0.985116787,0.999658791,1.00878085
4.33333333,1.00052396,1.18756818,1.13456041,1.01076431,0.949790927,0.924299685,0.98766192,0.995130755,1.01108397
4.35,0.989568843,1.13673645,1.07375668,1.03844125,1.03874878,0.892519842,1.03784791,1.01514446,0.997119056
4.36666667,0.98858491,1.04836039,1.07272724,0.994342826,0.988037712,0.867024433,1.04620786,1.04793532,1.01623909
4.38333333,1.00580367,0.976386431,1.08942545,0.991479825,0.879145731,0.889839916,1.03344798,1.04897122,0.995514085
4.4,0.976245767,0.963838318,1.04573524,1.04183381,0.842773284,0.900807188,1.04667721,1.03845688,1.04524353
4.41666667,1.01118468,0.948375632,1.06838303,1.0129677,0.81127638,0.917754462,1.07296817,1.05626614,1.04051334
4.43333333,0.993420208,0.956013262,1.0543522,1.01401513,0.850787353,0.936070748,1.06138269,1.05967138,1.07326405
4.45,1.02576076,1.01451349,1.02971287,1.0271381,0.948044259,0.946839983,1.07168259,1.05473265,1.07048013
4.46666667,0.985540273,1.02399821,1.03730737,1.00595419,1.01403869,0.988052818,1.03423002,1.03502907,1.05375855
4.48333333,1.00932076,1.04027915,1.06217336,1.01042896,1.08301686,0.988090737,1.01872385,1.0343583,1.05039728
4.5,0.973462921,1.04443945,1.03972965,1.01925439,1.12555694,1.01713589,1.06857566,1.05656465,1.05800489
4.51666667,0.973644843,1.02400078,1.03363023,1.053412,1.13923169,1.02144394,1.05162657,1.05323778,1.03680027
4.53333333,0.994478058,1.00918637,1.06696188,1.03205607,1.12582084,1.03422157,1.04999058,1.05612417,1.02184595
4.55,1.01316907,0.975239899,1.0699181,0.98007021,1.08272764,1.04700854,1.03023673,1.04818162,1.01801917
4.56666667,0.976416752,0.933609506,1.04708345,1.0227987,1.09745761,1.03738215,1.02717038,1.05340431,0.986626155
4.58333333,0.998485668,0.912551048,1.04510799,0.989668038,1.13844136,1.04902462,0.987096909,1.03602009,1.00079549
4.6,0.975904115,0.896971182,1.06590383,1.01748101,1.18950358,1.03356036,1.01058749,1.02938556,1.01384225
4.61666667,0.974148953,0.852502849,1.04222679,1.00170258,1.2302836,1.07759065,0.971808215,1.05161046,0.998789331
4.63333333,0.986950537,0.849641458,1.06374976,0.99823555,1.24913386,1.09982785,1.02478077,1.03474225,0.993813972
4.65,0.989137993,0.863910837,1.06097301,0.959643997,1.24717642,1.1257872,1.00031909,1.02502564,0.991938287
4.66666667,0.971179664,0.87565915,1.05883488,0.984485169,1.24933037,1.11329599,1.00126487,1.02961413,0.987248238
4.68333333,1.00417303,0.893601511,1.06271013,0.980226148,1.29120785,1.13493642,0.992884683,0.993907527,1.01915956
4.7,0.975560787,0.921679702,1.02823073,0.960611163,1.28804558,1.18285887,0.996753502,0.970409474,1.00916834
4.71666667,0.93159457,0.911581597,1.01791216,0.944844437,1.29613323,1.17784381,1.01469371,1.01280421,1.00522945
4.73333333,0.968006104,0.91097571,1.02374082,0.940434014,1.25038791,1.17059693,1.0218185,0.965716668,0.981109224
4.75,0.995020234,0.922765781,0.977284503,0.965314059,1.22887579,1.16034474,1.03374303,0.989573589,0.983226067
4.76666667,0.990274833,0.906201464,0.99646933,0.978820814,1.19683801,1.1255525,1.01593135,0.987867005,0.95954645
4.78333333,1.0178045,0.87891881,0.970068482,0.969826375,1.17098862,1.1177226,1.01574357,0.967883196,0.96462249
4.8,0.964090407,0.876298016,0.903960755,0.968745504,1.12499568,1.08767015,1.00387956,0.950717346,0.970628668
4.81666667,0.935878446,0.901709163,0.873029596,0.976707917,1.09079259,1.09452355,1.02508067,0.967464125,0.998486934
4.83333333,0.959934848,0.907486883,0.863905914,1.00080393,1.05158194,1.06816154,1.00712373,0.978120502,0.970209531
4.85,1.06813316,0.884255665,0.851408518,0.954400947,1.00807084,1.04607172,1.02206029,0.944162963,0.957135886
4.86666667,1.01227432,0.895520357,0.829465903,0.963074933,0.941430026,1.004712,1.04400132,0.956323137,0.97329565
4.88333333,1.00642476,0.877676535,0.819620281,0.970769794,0.90257516,0.995730093,1.01825002,0.974966916,0.971806216
4.9,0.999069361,0.940853647,0.828063425,0.957513296,0.886229737,0.979905459,0.961009211,0.966073995,0.973850766
4.91666667,1.01144005,0.953101051,0.831672602,1.00811947,0.877890028,0.958909761,0.95986733,0.93922782,0.990675189
4.93333333,1.02516188,0.920375617,0.84492598,0.96064205,0.877395151,0.963474468,0.933799835,0.952315998,0.969069087
4.95,1.01980052,0.945613462,0.870411455,0.959489534,0.852630653,0.975135901,0.926577497,0.957415498,0.994703677
4.96666667,1.04286521,0.938466947,0.905671058,1.00332859,0.817278648,0.971229834,0.888088806,0.947868143,1.03106375
4.98333333,1.02231066,1.00830626,0.919025037,0.993809846,0.787508204,0.923358056,0.918324608,0.948493874,1.04773161
5,0.502003271,0.506797688,0.467817838,0.512397662,0.373586221,0.513883498,0.461291457,0.48345419,0.509813115
